{
  "project_info": {
    "project_number": "575637826171",
    "project_id": "studenttimetableapp",
    "storage_bucket": "studenttimetableapp.appspot.com"
  },
  "client": [
    {
      "client_info": {
        "mobilesdk_app_id": "1:575637826171:android:2db70e965c32b668a210de",
        "android_client_info": {
          "package_name": "com.example.studenttimetableapp"
        }
      },
      "oauth_client": [
        {
          "client_id": "575637826171-aqrmnj1ipmrjc1nd8i1ac19r5qqlgff0.apps.googleusercontent.com",
          "client_type": 1,
          "android_info": {
            "package_name": "com.example.studenttimetableapp",
            "certificate_hash": "5f205744b4f08de2cb0d3b13358a7d340ef4bbb5"
          }
        },
        {
          "client_id": "575637826171-prmo6gb3a5vdob6fqprjm2tvg5khgu5h.apps.googleusercontent.com",
          "client_type": 3
        }
      ],
      "api_key": [
        {
          "current_key": "AIzaSyD_YAMXLxuj-LeDAyiI0QE9GL6zk2EtmIE"
        }
      ],
      "services": {
        "appinvite_service": {
          "other_platform_oauth_client": [
            {
              "client_id": "575637826171-prmo6gb3a5vdob6fqprjm2tvg5khgu5h.apps.googleusercontent.com",
              "client_type": 3
            }
          ]
        }
      }
    }
  ],
  "configuration_version": "1"
}